Workbook

Sheet README
A1: Item | B1: Description
A2: Analysis population | B2: 112 fish with exactly eight organ libraries each.
A3: Pathogen-positive fish | B3: 72 fish were positive for at least one of the four pathogen classes; 40 were negative.
A4: Class positivity | B4: A class is positive when summed RPM across all pathogens in that class and all eight organs is greater than zero.
A5: Venn denominator | B5: Region percentages are calculated among the 72 pathogen-positive fish, matching the reference figure. Percentages among all 112 fish are also retained in venn_regions.
A6: Old-input audit | B6: The old Venn input contained 72 positive fish. All 15 exact-region counts match the recalculation from the updated matrix and annotations.

Sheet class_abundance
A1: individual_id | B1: class | C1: order | D1: family | E1: species | F1: species_abbreviation | G1: RNA virus | H1: DNA virus | I1: Bacteria | J1: Eukaryota
A2: YS-HM-1 | B2: Actinopteri | C2: Anguilliformes | D2: Muraenidae | E2: Gymnothorax reevesii | F2: Gy. reevesii | G2: 19.967902 | H2: 1.5387239 | I2: 0 | J2: 0
A3: YS-HM-2 | B3: Actinopteri | C3: Anguilliformes | D3: Muraenidae | E3: Gymnothorax reevesii | F3: Gy. reevesii | G3: 150.91268 | H3: 0 | I3: 0 | J3: 0
A4: YS-HM-3 | B4: Actinopteri | C4: Anguilliformes | D4: Muraenidae | E4: Gymnothorax reevesii | F4: Gy. reevesii | G4: 124.23935 | H4: 0 | I4: 0 | J4: 0
A5: YS-HM-4 | B5: Actinopteri | C5: Anguilliformes | D5: Muraenidae | E5: Gymnothorax reevesii | F5: Gy. reevesii | G5: 581.60514 | H5: 0 | I5: 0 | J5: 0
A6: YS-CTSZ-1 | B6: Actinopteri | C6: Aulopiformes | D6: Synodontidae | E6: Saurida elongata | F6: Sa. elongata | G6: 1333.7109 | H6: 0 | I6: 0 | J6: 0
A7: YS-CTSZ-2 | B7: Actinopteri | C7: Aulopiformes | D7: Synodontidae | E7: Saurida elongata | F7: Sa. elongata | G7: 1361.1978 | H7: 0 | I7: 0 | J7: 7.664028
A8: YS-CTSZ-3 | B8: Actinopteri | C8: Aulopiformes | D8: Synodontidae | E8: Saurida elongata | F8: Sa. elongata | G8: 3.8559691 | H8: 19.534857 | I8: 0 | J8: 8.9718913
A9: YS-HBSZ-1 | B9: Actinopteri | C9: Aulopiformes | D9: Synodontidae | E9: Saurida undosquamis | F9: Sa. undosquamis | G9: 0 | H9: 0 | I9: 0 | J9: 0
A10: YS-HBSZ-2 | B10: Actinopteri | C10: Aulopiformes | D10: Synodontidae | E10: Saurida undosquamis | F10: Sa. undosquamis | G10: 0 | H10: 0 | I10: 10.774781 | J10: 27.384686
A11: YS-HBSZ-3 | B11: Actinopteri | C11: Aulopiformes | D11: Synodontidae | E11: Saurida undosquamis | F11: Sa. undosquamis | G11: 0 | H11: 0 | I11: 0 | J11: 1.8860315
A12: YS-LTY-1 | B12: Actinopteri | C12: Aulopiformes | D12: Synodontidae | E12: Harpadon nehereus | F12: Ha. nehereus | G12: 4766.4065 | H12: 32.992962 | I12: 0 | J12: 18.770406
A13: YS-LTY-2 | B13: Actinopteri | C13: Aulopiformes | D13: Synodontidae | E13: Harpadon nehereus | F13: Ha. nehereus | G13: 0 | H13: 0 | I13: 0 | J13: 37.100606
... A113: YS-JZH-3 | B113: Chondrichthyes | C113: Myliobatiformes | D113: Dasyatidae | E113: Telatrygon zugei | F113: Te. zugei | G113: 0 | H113: 0 | I113: 0 | J113: 0

Sheet class_status
A1: individual_id | B1: RNA virus | C1: DNA virus | D1: Bacteria | E1: Eukaryota | F1: positive_class_count | G1: pathogen_positive
A2: YS-HM-1 | B2: =--(class_abundance!G2>0) -> 1 | C2: =--(class_abundance!H2>0) -> 1 | D2: =--(class_abundance!I2>0) -> 0 | E2: =--(class_abundance!J2>0) -> 0 | F2: =SUM(B2:E2) -> 2 | G2: =--(F2>0) -> 1
A3: YS-HM-2 | B3: =--(class_abundance!G3>0) -> 1 | C3: =--(class_abundance!H3>0) -> 0 | D3: =--(class_abundance!I3>0) -> 0 | E3: =--(class_abundance!J3>0) -> 0 | F3: =SUM(B3:E3) -> 1 | G3: =--(F3>0) -> 1
A4: YS-HM-3 | B4: =--(class_abundance!G4>0) -> 1 | C4: =--(class_abundance!H4>0) -> 0 | D4: =--(class_abundance!I4>0) -> 0 | E4: =--(class_abundance!J4>0) -> 0 | F4: =SUM(B4:E4) -> 1 | G4: =--(F4>0) -> 1
A5: YS-HM-4 | B5: =--(class_abundance!G5>0) -> 1 | C5: =--(class_abundance!H5>0) -> 0 | D5: =--(class_abundance!I5>0) -> 0 | E5: =--(class_abundance!J5>0) -> 0 | F5: =SUM(B5:E5) -> 1 | G5: =--(F5>0) -> 1
A6: YS-CTSZ-1 | B6: =--(class_abundance!G6>0) -> 1 | C6: =--(class_abundance!H6>0) -> 0 | D6: =--(class_abundance!I6>0) -> 0 | E6: =--(class_abundance!J6>0) -> 0 | F6: =SUM(B6:E6) -> 1 | G6: =--(F6>0) -> 1
A7: YS-CTSZ-2 | B7: =--(class_abundance!G7>0) -> 1 | C7: =--(class_abundance!H7>0) -> 0 | D7: =--(class_abundance!I7>0) -> 0 | E7: =--(class_abundance!J7>0) -> 1 | F7: =SUM(B7:E7) -> 2 | G7: =--(F7>0) -> 1
A8: YS-CTSZ-3 | B8: =--(class_abundance!G8>0) -> 1 | C8: =--(class_abundance!H8>0) -> 1 | D8: =--(class_abundance!I8>0) -> 0 | E8: =--(class_abundance!J8>0) -> 1 | F8: =SUM(B8:E8) -> 3 | G8: =--(F8>0) -> 1
A9: YS-HBSZ-1 | B9: =--(class_abundance!G9>0) -> 0 | C9: =--(class_abundance!H9>0) -> 0 | D9: =--(class_abundance!I9>0) -> 0 | E9: =--(class_abundance!J9>0) -> 0 | F9: =SUM(B9:E9) -> 0 | G9: =--(F9>0) -> 0
A10: YS-HBSZ-2 | B10: =--(class_abundance!G10>0) -> 0 | C10: =--(class_abundance!H10>0) -> 0 | D10: =--(class_abundance!I10>0) -> 1 | E10: =--(class_abundance!J10>0) -> 1 | F10: =SUM(B10:E10) -> 2 | G10: =--(F10>0) -> 1
A11: YS-HBSZ-3 | B11: =--(class_abundance!G11>0) -> 0 | C11: =--(class_abundance!H11>0) -> 0 | D11: =--(class_abundance!I11>0) -> 0 | E11: =--(class_abundance!J11>0) -> 1 | F11: =SUM(B11:E11) -> 1 | G11: =--(F11>0) -> 1
A12: YS-LTY-1 | B12: =--(class_abundance!G12>0) -> 1 | C12: =--(class_abundance!H12>0) -> 1 | D12: =--(class_abundance!I12>0) -> 0 | E12: =--(class_abundance!J12>0) -> 1 | F12: =SUM(B12:E12) -> 3 | G12: =--(F12>0) -> 1
A13: YS-LTY-2 | B13: =--(class_abundance!G13>0) -> 0 | C13: =--(class_abundance!H13>0) -> 0 | D13: =--(class_abundance!I13>0) -> 0 | E13: =--(class_abundance!J13>0) -> 1 | F13: =SUM(B13:E13) -> 1 | G13: =--(F13>0) -> 1
... A113: YS-JZH-3 | B113: =--(class_abundance!G113>0) -> 0 | C113: =--(class_abundance!H113>0) -> 0 | D113: =--(class_abundance!I113>0) -> 0 | E113: =--(class_abundance!J113>0) -> 0 | F113: =SUM(B113:E113) -> 0 | G113: =--(F113>0) -> 0

Sheet venn_regions
A1: RNA virus | B1: DNA virus | C1: Bacteria | D1: Eukaryota | E1: combination | F1: fish_count | G1: proportion_positive_72 | H1: proportion_all_112 | I1: old_count | J1: audit_status
A2: 0 | B2: 0 | C2: 0 | D2: 1 | E2: Eukaryota | F2: =COUNTIFS(class_status!$B$2:$B$113,A2,class_status!$C$2:$C$113,B2,class_status!$D$2:$D$113,C2,class_status!$E$2:$E$113,D2) -> 12 | G2: =F2/72 -> 0.16666667 | H2: =F2/112 -> 0.10714286 | I2: 12 | J2: match
A3: 0 | B3: 0 | C3: 1 | D3: 0 | E3: Bacteria | F3: =COUNTIFS(class_status!$B$2:$B$113,A3,class_status!$C$2:$C$113,B3,class_status!$D$2:$D$113,C3,class_status!$E$2:$E$113,D3) -> 11 | G3: =F3/72 -> 0.15277778 | H3: =F3/112 -> 0.098214286 | I3: 11 | J3: match
A4: 0 | B4: 0 | C4: 1 | D4: 1 | E4: Bacteria + Eukaryota | F4: =COUNTIFS(class_status!$B$2:$B$113,A4,class_status!$C$2:$C$113,B4,class_status!$D$2:$D$113,C4,class_status!$E$2:$E$113,D4) -> 3 | G4: =F4/72 -> 0.041666667 | H4: =F4/112 -> 0.026785714 | I4: 3 | J4: match
A5: 0 | B5: 1 | C5: 0 | D5: 0 | E5: DNA virus | F5: =COUNTIFS(class_status!$B$2:$B$113,A5,class_status!$C$2:$C$113,B5,class_status!$D$2:$D$113,C5,class_status!$E$2:$E$113,D5) -> 3 | G5: =F5/72 -> 0.041666667 | H5: =F5/112 -> 0.026785714 | I5: 3 | J5: match
A6: 0 | B6: 1 | C6: 0 | D6: 1 | E6: DNA virus + Eukaryota | F6: =COUNTIFS(class_status!$B$2:$B$113,A6,class_status!$C$2:$C$113,B6,class_status!$D$2:$D$113,C6,class_status!$E$2:$E$113,D6) -> 1 | G6: =F6/72 -> 0.013888889 | H6: =F6/112 -> 0.0089285714 | I6: 1 | J6: match
A7: 0 | B7: 1 | C7: 1 | D7: 0 | E7: DNA virus + Bacteria | F7: =COUNTIFS(class_status!$B$2:$B$113,A7,class_status!$C$2:$C$113,B7,class_status!$D$2:$D$113,C7,class_status!$E$2:$E$113,D7) -> 1 | G7: =F7/72 -> 0.013888889 | H7: =F7/112 -> 0.0089285714 | I7: 1 | J7: match
A8: 0 | B8: 1 | C8: 1 | D8: 1 | E8: DNA virus + Bacteria + Eukaryota | F8: =COUNTIFS(class_status!$B$2:$B$113,A8,class_status!$C$2:$C$113,B8,class_status!$D$2:$D$113,C8,class_status!$E$2:$E$113,D8) -> 0 | G8: =F8/72 -> 0 | H8: =F8/112 -> 0 | I8: 0 | J8: match
A9: 1 | B9: 0 | C9: 0 | D9: 0 | E9: RNA virus | F9: =COUNTIFS(class_status!$B$2:$B$113,A9,class_status!$C$2:$C$113,B9,class_status!$D$2:$D$113,C9,class_status!$E$2:$E$113,D9) -> 23 | G9: =F9/72 -> 0.31944444 | H9: =F9/112 -> 0.20535714 | I9: 23 | J9: match
A10: 1 | B10: 0 | C10: 0 | D10: 1 | E10: RNA virus + Eukaryota | F10: =COUNTIFS(class_status!$B$2:$B$113,A10,class_status!$C$2:$C$113,B10,class_status!$D$2:$D$113,C10,class_status!$E$2:$E$113,D10) -> 7 | G10: =F10/72 -> 0.097222222 | H10: =F10/112 -> 0.0625 | I10: 7 | J10: match
A11: 1 | B11: 0 | C11: 1 | D11: 0 | E11: RNA virus + Bacteria | F11: =COUNTIFS(class_status!$B$2:$B$113,A11,class_status!$C$2:$C$113,B11,class_status!$D$2:$D$113,C11,class_status!$E$2:$E$113,D11) -> 2 | G11: =F11/72 -> 0.027777778 | H11: =F11/112 -> 0.017857143 | I11: 2 | J11: match
A12: 1 | B12: 0 | C12: 1 | D12: 1 | E12: RNA virus + Bacteria + Eukaryota | F12: =COUNTIFS(class_status!$B$2:$B$113,A12,class_status!$C$2:$C$113,B12,class_status!$D$2:$D$113,C12,class_status!$E$2:$E$113,D12) -> 6 | G12: =F12/72 -> 0.083333333 | H12: =F12/112 -> 0.053571429 | I12: 6 | J12: match
A13: 1 | B13: 1 | C13: 0 | D13: 0 | E13: RNA virus + DNA virus | F13: =COUNTIFS(class_status!$B$2:$B$113,A13,class_status!$C$2:$C$113,B13,class_status!$D$2:$D$113,C13,class_status!$E$2:$E$113,D13) -> 1 | G13: =F13/72 -> 0.013888889 | H13: =F13/112 -> 0.0089285714 | I13: 1 | J13: match
... A16: 1 | B16: 1 | C16: 1 | D16: 1 | E16: RNA virus + DNA virus + Bacteria + Eukaryota | F16: =COUNTIFS(class_status!$B$2:$B$113,A16,class_status!$C$2:$C$113,B16,class_status!$D$2:$D$113,C16,class_status!$E$2:$E$113,D16) -> 0 | G16: =F16/72 -> 0 | H16: =F16/112 -> 0 | I16: 0 | J16: match

Sheet set_totals
A1: pathogen_class | B1: positive_fish | C1: proportion_positive_72 | D1: proportion_all_112
A2: RNA virus | B2: =SUM(class_status!B$2:B$113) -> 41 | C2: =B2/72 -> 0.56944444 | D2: =B2/112 -> 0.36607143
A3: DNA virus | B3: =SUM(class_status!C$2:C$113) -> 8 | C3: =B3/72 -> 0.11111111 | D3: =B3/112 -> 0.071428571
A4: Bacteria | B4: =SUM(class_status!D$2:D$113) -> 23 | C4: =B4/72 -> 0.31944444 | D4: =B4/112 -> 0.20535714
A5: Eukaryota | B5: =SUM(class_status!E$2:E$113) -> 31 | C5: =B5/72 -> 0.43055556 | D5: =B5/112 -> 0.27678571
