Workbook

Sheet README
A1: Item | B1: Description
A2: Analysis population | B2: 112 fish with exactly eight organ libraries each (896 libraries total).
A3: Pathogen detection | B3: A pathogen is present in a fish when its summed RPM across the eight organs is greater than zero.
A4: Pathogen count | B4: Number of distinct pathogen rows detected per fish among the 75 annotated pathogens.
A5: Categories | B5: pathogen 0, pathogen 1, pathogen 2, pathogen 3, pathogen 4, pathogen 5, and pathogen > 5.
A6: Old-input audit | B6: The old workbook contained conflicting summaries. The recalculated values agree with Sheet2 and the published reference figure, not with plotraw for pathogen 1 and pathogen 3.

Sheet pathogen_presence
A1: individual_id | B1: Wenzhou pacific spadenose shark astrovirus 2 | C1: Nanhai astrovirus LZMB | D1: Cynoglossus gracilis hantavirus | E1: Telatrygon zugei hepacivirus | F1: Odontamblyopus rubicundus hepacivirus | G1: Johnius belangerii hepacivirus | H1: Bombay duck fish bornavirus | I1: Paramonacanthus sulcatus filovirus | J1: Nanhai filovirus 1 | K1: Nanhai filovirus 2 | L1: Nanhai filovirus 3 | M1: Nanhai rhabdovirus 1 | N1: Nanhai paramyxovirus 1 | O1: Nanhai paramyxovirus 2 | P1: Psenopsis anomala artervirus | Q1: Nanhai amnoonvirus 1 | R1: Arius arius calicivirus | S1: Bregmaceros mcclellandi picornavirus | T1: Thryssa dussumieri picornavirus | U1: Leiognathus ruconius picornavirus | V1: Polydactylus sextarius picornavirus | W1: Psenopsis anomala picornavirus | X1: Gymnothorax reevesii picornavirus | Y1: Asian seabass Nervous Necrosis Virus | Z1: Micropterus salmoides reovirus | AA1: Wenzhou pacific spadenose shark reovirus 2 | AB1: Nanhai reo-like virus 1 | AC1: Nanhai reo-like virus 2 | AD1: Nanhai reo-like virus 4 | AE1: Nanhai reo-like virus 5 | AF1: Nanhai reo-like virus 6 | AG1: Nanhai reo-like virus 7 | AH1: Osteomugil cunnesius hepadna-like virus | AI1: Nanhai hepadna-like virus 1 | AJ1: Nanhai circo-like virus 2 | AK1: Cynoglossus gracilis herpes-like virus | AL1: Nanhai parvovirus LTY1 | AM1: Marble sleepy goby iridovirus | AN1: Nanhai papillomavirus ZBTTT | AO1: Nanhai papillomavirus HM | AP1: Nanhai retrovirus 1 | AQ1: Nanhai retrovirus 2 | AR1: Clostridium sp. SQHN | AS1: Clostridium sp. Y | AT1: Aliivibrio fischeri | AU1: Photobacterium sp. | AV1: Photobacterium damselae | AW1: Photobacterium damselae QLXSD | AX1: Photobacterium swingsii | AY1: Vibrio sp. Y | AZ1: Vibrio ponticus | BA1: Acinetobacter johnsonii | BB1: Pseudomonas aeruginosa | BC1: Besnoitia sp. HKL | BD1: Cystoisospora sp. DSLT-2 | BE1: Cystoisospora sp. DSLT-4 | BF1: Sarcocystidae sp. SZMB | BG1: Sarcocystidae sp. DSLT | BH1: Toxoplasma sp. LZY | BI1: Eimeriorina sp. RWXLT | BJ1: Eimeria sp. SZMB | BK1: Glugea plecoglossi | BL1: Pseudoloma sp. FJ | BM1: Toxocaridae sp. Z | BN1: Toxocara sp. CTSZ | BO1: Toxocara sp. HBSXST | BP1: Toxocara sp. LYS | BQ1: Strigeidida sp. FJ | BR1: Taeniidae sp. HBSZ | BS1: Taeniidae sp. QLXSDD | BT1: Taeniidae sp. LZY | BU1: Opisthorchiidae sp. SZMB | BV1: Hydatigera sp. SDYY | BW1: Lepeophtheirus sp. SQHN | BX1: Caligus sp. RWXLT
A2: YS-HM-1 | B2: 0 | C2: 0 | D2: 0 | E2: 0 | F2: 0 | G2: 0 | H2: 0 | I2: 0 | J2: 0 | K2: 0 | L2: 0 | M2: 0 | N2: 0 | O2: 0 | P2: 0 | Q2: 0 | R2: 0 | S2: 0 | T2: 0 | U2: 0 | V2: 0 | W2: 0 | X2: 1 | Y2: 0 | Z2: 0 | AA2: 0 | AB2: 0 | AC2: 0 | AD2: 0 | AE2: 0 | AF2: 0 | AG2: 0 | AH2: 0 | AI2: 0 | AJ2: 0 | AK2: 0 | AL2: 0 | AM2: 0 | AN2: 0 | AO2: 1 | AP2: 0 | AQ2: 0 | AR2: 0 | AS2: 0 | AT2: 0 | AU2: 0 | AV2: 0 | AW2: 0 | AX2: 0 | AY2: 0 | AZ2: 0 | BA2: 0 | BB2: 0 | BC2: 0 | BD2: 0 | BE2: 0 | BF2: 0 | BG2: 0 | BH2: 0 | BI2: 0 | BJ2: 0 | BK2: 0 | BL2: 0 | BM2: 0 | BN2: 0 | BO2: 0 | BP2: 0 | BQ2: 0 | BR2: 0 | BS2: 0 | BT2: 0 | BU2: 0 | BV2: 0 | BW2: 0 | BX2: 0
A3: YS-HM-2 | B3: 0 | C3: 0 | D3: 0 | E3: 0 | F3: 0 | G3: 0 | H3: 0 | I3: 0 | J3: 0 | K3: 0 | L3: 0 | M3: 0 | N3: 0 | O3: 0 | P3: 0 | Q3: 0 | R3: 0 | S3: 0 | T3: 0 | U3: 0 | V3: 0 | W3: 0 | X3: 1 | Y3: 0 | Z3: 0 | AA3: 0 | AB3: 0 | AC3: 0 | AD3: 0 | AE3: 0 | AF3: 0 | AG3: 0 | AH3: 0 | AI3: 0 | AJ3: 0 | AK3: 0 | AL3: 0 | AM3: 0 | AN3: 0 | AO3: 0 | AP3: 0 | AQ3: 0 | AR3: 0 | AS3: 0 | AT3: 0 | AU3: 0 | AV3: 0 | AW3: 0 | AX3: 0 | AY3: 0 | AZ3: 0 | BA3: 0 | BB3: 0 | BC3: 0 | BD3: 0 | BE3: 0 | BF3: 0 | BG3: 0 | BH3: 0 | BI3: 0 | BJ3: 0 | BK3: 0 | BL3: 0 | BM3: 0 | BN3: 0 | BO3: 0 | BP3: 0 | BQ3: 0 | BR3: 0 | BS3: 0 | BT3: 0 | BU3: 0 | BV3: 0 | BW3: 0 | BX3: 0
A4: YS-HM-3 | B4: 0 | C4: 0 | D4: 0 | E4: 0 | F4: 0 | G4: 0 | H4: 0 | I4: 0 | J4: 0 | K4: 0 | L4: 0 | M4: 0 | N4: 0 | O4: 0 | P4: 0 | Q4: 0 | R4: 0 | S4: 0 | T4: 0 | U4: 0 | V4: 0 | W4: 0 | X4: 1 | Y4: 0 | Z4: 0 | AA4: 0 | AB4: 0 | AC4: 0 | AD4: 0 | AE4: 0 | AF4: 0 | AG4: 0 | AH4: 0 | AI4: 0 | AJ4: 0 | AK4: 0 | AL4: 0 | AM4: 0 | AN4: 0 | AO4: 0 | AP4: 0 | AQ4: 0 | AR4: 0 | AS4: 0 | AT4: 0 | AU4: 0 | AV4: 0 | AW4: 0 | AX4: 0 | AY4: 0 | AZ4: 0 | BA4: 0 | BB4: 0 | BC4: 0 | BD4: 0 | BE4: 0 | BF4: 0 | BG4: 0 | BH4: 0 | BI4: 0 | BJ4: 0 | BK4: 0 | BL4: 0 | BM4: 0 | BN4: 0 | BO4: 0 | BP4: 0 | BQ4: 0 | BR4: 0 | BS4: 0 | BT4: 0 | BU4: 0 | BV4: 0 | BW4: 0 | BX4: 0
A5: YS-HM-4 | B5: 0 | C5: 0 | D5: 0 | E5: 0 | F5: 0 | G5: 0 | H5: 0 | I5: 0 | J5: 0 | K5: 0 | L5: 0 | M5: 0 | N5: 0 | O5: 0 | P5: 0 | Q5: 0 | R5: 0 | S5: 0 | T5: 0 | U5: 0 | V5: 0 | W5: 0 | X5: 1 | Y5: 0 | Z5: 0 | AA5: 0 | AB5: 0 | AC5: 0 | AD5: 0 | AE5: 0 | AF5: 0 | AG5: 0 | AH5: 0 | AI5: 0 | AJ5: 0 | AK5: 0 | AL5: 0 | AM5: 0 | AN5: 0 | AO5: 0 | AP5: 0 | AQ5: 0 | AR5: 0 | AS5: 0 | AT5: 0 | AU5: 0 | AV5: 0 | AW5: 0 | AX5: 0 | AY5: 0 | AZ5: 0 | BA5: 0 | BB5: 0 | BC5: 0 | BD5: 0 | BE5: 0 | BF5: 0 | BG5: 0 | BH5: 0 | BI5: 0 | BJ5: 0 | BK5: 0 | BL5: 0 | BM5: 0 | BN5: 0 | BO5: 0 | BP5: 0 | BQ5: 0 | BR5: 0 | BS5: 0 | BT5: 0 | BU5: 0 | BV5: 0 | BW5: 0 | BX5: 0
A6: YS-CTSZ-1 | B6: 0 | C6: 0 | D6: 0 | E6: 0 | F6: 0 | G6: 0 | H6: 0 | I6: 0 | J6: 0 | K6: 0 | L6: 0 | M6: 0 | N6: 0 | O6: 0 | P6: 0 | Q6: 0 | R6: 0 | S6: 0 | T6: 0 | U6: 0 | V6: 0 | W6: 0 | X6: 0 | Y6: 1 | Z6: 0 | AA6: 0 | AB6: 0 | AC6: 1 | AD6: 0 | AE6: 1 | AF6: 1 | AG6: 0 | AH6: 0 | AI6: 0 | AJ6: 0 | AK6: 0 | AL6: 0 | AM6: 0 | AN6: 0 | AO6: 0 | AP6: 0 | AQ6: 0 | AR6: 0 | AS6: 0 | AT6: 0 | AU6: 0 | AV6: 0 | AW6: 0 | AX6: 0 | AY6: 0 | AZ6: 0 | BA6: 0 | BB6: 0 | BC6: 0 | BD6: 0 | BE6: 0 | BF6: 0 | BG6: 0 | BH6: 0 | BI6: 0 | BJ6: 0 | BK6: 0 | BL6: 0 | BM6: 0 | BN6: 0 | BO6: 0 | BP6: 0 | BQ6: 0 | BR6: 0 | BS6: 0 | BT6: 0 | BU6: 0 | BV6: 0 | BW6: 0 | BX6: 0
A7: YS-CTSZ-2 | B7: 0 | C7: 0 | D7: 0 | E7: 0 | F7: 0 | G7: 0 | H7: 0 | I7: 0 | J7: 0 | K7: 0 | L7: 0 | M7: 0 | N7: 0 | O7: 0 | P7: 0 | Q7: 0 | R7: 0 | S7: 0 | T7: 0 | U7: 0 | V7: 0 | W7: 0 | X7: 0 | Y7: 0 | Z7: 0 | AA7: 0 | AB7: 1 | AC7: 1 | AD7: 0 | AE7: 1 | AF7: 1 | AG7: 0 | AH7: 0 | AI7: 0 | AJ7: 0 | AK7: 0 | AL7: 0 | AM7: 0 | AN7: 0 | AO7: 0 | AP7: 0 | AQ7: 0 | AR7: 0 | AS7: 0 | AT7: 0 | AU7: 0 | AV7: 0 | AW7: 0 | AX7: 0 | AY7: 0 | AZ7: 0 | BA7: 0 | BB7: 0 | BC7: 0 | BD7: 0 | BE7: 0 | BF7: 0 | BG7: 0 | BH7: 0 | BI7: 0 | BJ7: 0 | BK7: 0 | BL7: 0 | BM7: 0 | BN7: 1 | BO7: 0 | BP7: 0 | BQ7: 0 | BR7: 0 | BS7: 0 | BT7: 0 | BU7: 0 | BV7: 0 | BW7: 0 | BX7: 0
A8: YS-CTSZ-3 | B8: 0 | C8: 0 | D8: 0 | E8: 0 | F8: 0 | G8: 0 | H8: 0 | I8: 0 | J8: 0 | K8: 0 | L8: 0 | M8: 0 | N8: 0 | O8: 0 | P8: 0 | Q8: 0 | R8: 0 | S8: 0 | T8: 0 | U8: 0 | V8: 0 | W8: 0 | X8: 0 | Y8: 0 | Z8: 0 | AA8: 0 | AB8: 0 | AC8: 0 | AD8: 0 | AE8: 0 | AF8: 1 | AG8: 0 | AH8: 0 | AI8: 0 | AJ8: 1 | AK8: 0 | AL8: 0 | AM8: 0 | AN8: 0 | AO8: 0 | AP8: 0 | AQ8: 0 | AR8: 0 | AS8: 0 | AT8: 0 | AU8: 0 | AV8: 0 | AW8: 0 | AX8: 0 | AY8: 0 | AZ8: 0 | BA8: 0 | BB8: 0 | BC8: 0 | BD8: 0 | BE8: 0 | BF8: 0 | BG8: 0 | BH8: 0 | BI8: 0 | BJ8: 0 | BK8: 0 | BL8: 0 | BM8: 0 | BN8: 1 | BO8: 0 | BP8: 0 | BQ8: 0 | BR8: 0 | BS8: 0 | BT8: 0 | BU8: 0 | BV8: 0 | BW8: 0 | BX8: 0
A9: YS-HBSZ-1 | B9: 0 | C9: 0 | D9: 0 | E9: 0 | F9: 0 | G9: 0 | H9: 0 | I9: 0 | J9: 0 | K9: 0 | L9: 0 | M9: 0 | N9: 0 | O9: 0 | P9: 0 | Q9: 0 | R9: 0 | S9: 0 | T9: 0 | U9: 0 | V9: 0 | W9: 0 | X9: 0 | Y9: 0 | Z9: 0 | AA9: 0 | AB9: 0 | AC9: 0 | AD9: 0 | AE9: 0 | AF9: 0 | AG9: 0 | AH9: 0 | AI9: 0 | AJ9: 0 | AK9: 0 | AL9: 0 | AM9: 0 | AN9: 0 | AO9: 0 | AP9: 0 | AQ9: 0 | AR9: 0 | AS9: 0 | AT9: 0 | AU9: 0 | AV9: 0 | AW9: 0 | AX9: 0 | AY9: 0 | AZ9: 0 | BA9: 0 | BB9: 0 | BC9: 0 | BD9: 0 | BE9: 0 | BF9: 0 | BG9: 0 | BH9: 0 | BI9: 0 | BJ9: 0 | BK9: 0 | BL9: 0 | BM9: 0 | BN9: 0 | BO9: 0 | BP9: 0 | BQ9: 0 | BR9: 0 | BS9: 0 | BT9: 0 | BU9: 0 | BV9: 0 | BW9: 0 | BX9: 0
A10: YS-HBSZ-2 | B10: 0 | C10: 0 | D10: 0 | E10: 0 | F10: 0 | G10: 0 | H10: 0 | I10: 0 | J10: 0 | K10: 0 | L10: 0 | M10: 0 | N10: 0 | O10: 0 | P10: 0 | Q10: 0 | R10: 0 | S10: 0 | T10: 0 | U10: 0 | V10: 0 | W10: 0 | X10: 0 | Y10: 0 | Z10: 0 | AA10: 0 | AB10: 0 | AC10: 0 | AD10: 0 | AE10: 0 | AF10: 0 | AG10: 0 | AH10: 0 | AI10: 0 | AJ10: 0 | AK10: 0 | AL10: 0 | AM10: 0 | AN10: 0 | AO10: 0 | AP10: 0 | AQ10: 0 | AR10: 0 | AS10: 0 | AT10: 0 | AU10: 1 | AV10: 0 | AW10: 1 | AX10: 0 | AY10: 0 | AZ10: 0 | BA10: 0 | BB10: 1 | BC10: 0 | BD10: 0 | BE10: 0 | BF10: 0 | BG10: 0 | BH10: 0 | BI10: 0 | BJ10: 0 | BK10: 0 | BL10: 0 | BM10: 0 | BN10: 1 | BO10: 0 | BP10: 0 | BQ10: 0 | BR10: 0 | BS10: 0 | BT10: 1 | BU10: 0 | BV10: 0 | BW10: 0 | BX10: 0
A11: YS-HBSZ-3 | B11: 0 | C11: 0 | D11: 0 | E11: 0 | F11: 0 | G11: 0 | H11: 0 | I11: 0 | J11: 0 | K11: 0 | L11: 0 | M11: 0 | N11: 0 | O11: 0 | P11: 0 | Q11: 0 | R11: 0 | S11: 0 | T11: 0 | U11: 0 | V11: 0 | W11: 0 | X11: 0 | Y11: 0 | Z11: 0 | AA11: 0 | AB11: 0 | AC11: 0 | AD11: 0 | AE11: 0 | AF11: 0 | AG11: 0 | AH11: 0 | AI11: 0 | AJ11: 0 | AK11: 0 | AL11: 0 | AM11: 0 | AN11: 0 | AO11: 0 | AP11: 0 | AQ11: 0 | AR11: 0 | AS11: 0 | AT11: 0 | AU11: 0 | AV11: 0 | AW11: 0 | AX11: 0 | AY11: 0 | AZ11: 0 | BA11: 0 | BB11: 0 | BC11: 0 | BD11: 0 | BE11: 0 | BF11: 0 | BG11: 0 | BH11: 0 | BI11: 0 | BJ11: 0 | BK11: 0 | BL11: 0 | BM11: 0 | BN11: 0 | BO11: 0 | BP11: 0 | BQ11: 0 | BR11: 1 | BS11: 0 | BT11: 0 | BU11: 0 | BV11: 0 | BW11: 0 | BX11: 0
A12: YS-LTY-1 | B12: 0 | C12: 0 | D12: 0 | E12: 0 | F12: 0 | G12: 0 | H12: 1 | I12: 0 | J12: 0 | K12: 0 | L12: 0 | M12: 0 | N12: 0 | O12: 0 | P12: 0 | Q12: 0 | R12: 0 | S12: 0 | T12: 0 | U12: 0 | V12: 0 | W12: 0 | X12: 0 | Y12: 0 | Z12: 0 | AA12: 0 | AB12: 0 | AC12: 0 | AD12: 0 | AE12: 0 | AF12: 0 | AG12: 0 | AH12: 0 | AI12: 0 | AJ12: 0 | AK12: 0 | AL12: 1 | AM12: 0 | AN12: 0 | AO12: 0 | AP12: 0 | AQ12: 0 | AR12: 0 | AS12: 0 | AT12: 0 | AU12: 0 | AV12: 0 | AW12: 0 | AX12: 0 | AY12: 0 | AZ12: 0 | BA12: 0 | BB12: 0 | BC12: 0 | BD12: 0 | BE12: 0 | BF12: 0 | BG12: 0 | BH12: 0 | BI12: 0 | BJ12: 0 | BK12: 0 | BL12: 0 | BM12: 0 | BN12: 1 | BO12: 0 | BP12: 0 | BQ12: 0 | BR12: 0 | BS12: 0 | BT12: 0 | BU12: 0 | BV12: 0 | BW12: 0 | BX12: 0
A13: YS-LTY-2 | B13: 0 | C13: 0 | D13: 0 | E13: 0 | F13: 0 | G13: 0 | H13: 0 | I13: 0 | J13: 0 | K13: 0 | L13: 0 | M13: 0 | N13: 0 | O13: 0 | P13: 0 | Q13: 0 | R13: 0 | S13: 0 | T13: 0 | U13: 0 | V13: 0 | W13: 0 | X13: 0 | Y13: 0 | Z13: 0 | AA13: 0 | AB13: 0 | AC13: 0 | AD13: 0 | AE13: 0 | AF13: 0 | AG13: 0 | AH13: 0 | AI13: 0 | AJ13: 0 | AK13: 0 | AL13: 0 | AM13: 0 | AN13: 0 | AO13: 0 | AP13: 0 | AQ13: 0 | AR13: 0 | AS13: 0 | AT13: 0 | AU13: 0 | AV13: 0 | AW13: 0 | AX13: 0 | AY13: 0 | AZ13: 0 | BA13: 0 | BB13: 0 | BC13: 0 | BD13: 0 | BE13: 0 | BF13: 0 | BG13: 0 | BH13: 0 | BI13: 0 | BJ13: 0 | BK13: 0 | BL13: 0 | BM13: 0 | BN13: 1 | BO13: 0 | BP13: 0 | BQ13: 0 | BR13: 0 | BS13: 0 | BT13: 0 | BU13: 0 | BV13: 0 | BW13: 0 | BX13: 0
... A113: YS-JZH-3 | B113: 0 | C113: 0 | D113: 0 | E113: 0 | F113: 0 | G113: 0 | H113: 0 | I113: 0 | J113: 0 | K113: 0 | L113: 0 | M113: 0 | N113: 0 | O113: 0 | P113: 0 | Q113: 0 | R113: 0 | S113: 0 | T113: 0 | U113: 0 | V113: 0 | W113: 0 | X113: 0 | Y113: 0 | Z113: 0 | AA113: 0 | AB113: 0 | AC113: 0 | AD113: 0 | AE113: 0 | AF113: 0 | AG113: 0 | AH113: 0 | AI113: 0 | AJ113: 0 | AK113: 0 | AL113: 0 | AM113: 0 | AN113: 0 | AO113: 0 | AP113: 0 | AQ113: 0 | AR113: 0 | AS113: 0 | AT113: 0 | AU113: 0 | AV113: 0 | AW113: 0 | AX113: 0 | AY113: 0 | AZ113: 0 | BA113: 0 | BB113: 0 | BC113: 0 | BD113: 0 | BE113: 0 | BF113: 0 | BG113: 0 | BH113: 0 | BI113: 0 | BJ113: 0 | BK113: 0 | BL113: 0 | BM113: 0 | BN113: 0 | BO113: 0 | BP113: 0 | BQ113: 0 | BR113: 0 | BS113: 0 | BT113: 0 | BU113: 0 | BV113: 0 | BW113: 0 | BX113: 0

Sheet individual_summary
A1: individual_id | B1: class | C1: order | D1: family | E1: species | F1: species_abbreviation | G1: pathogen_count | H1: pathogen_count_category
A2: YS-HM-1 | B2: Actinopteri | C2: Anguilliformes | D2: Muraenidae | E2: Gymnothorax reevesii | F2: Gy. reevesii | G2: =SUM(pathogen_presence!B2:BX2) -> 2 | H2: =IF(G2=0,"pathogen 0",IF(G2<=5,"pathogen "&G2,"pathogen > 5")) -> pathogen 2
A3: YS-HM-2 | B3: Actinopteri | C3: Anguilliformes | D3: Muraenidae | E3: Gymnothorax reevesii | F3: Gy. reevesii | G3: =SUM(pathogen_presence!B3:BX3) -> 1 | H3: =IF(G3=0,"pathogen 0",IF(G3<=5,"pathogen "&G3,"pathogen > 5")) -> pathogen 1
A4: YS-HM-3 | B4: Actinopteri | C4: Anguilliformes | D4: Muraenidae | E4: Gymnothorax reevesii | F4: Gy. reevesii | G4: =SUM(pathogen_presence!B4:BX4) -> 1 | H4: =IF(G4=0,"pathogen 0",IF(G4<=5,"pathogen "&G4,"pathogen > 5")) -> pathogen 1
A5: YS-HM-4 | B5: Actinopteri | C5: Anguilliformes | D5: Muraenidae | E5: Gymnothorax reevesii | F5: Gy. reevesii | G5: =SUM(pathogen_presence!B5:BX5) -> 1 | H5: =IF(G5=0,"pathogen 0",IF(G5<=5,"pathogen "&G5,"pathogen > 5")) -> pathogen 1
A6: YS-CTSZ-1 | B6: Actinopteri | C6: Aulopiformes | D6: Synodontidae | E6: Saurida elongata | F6: Sa. elongata | G6: =SUM(pathogen_presence!B6:BX6) -> 4 | H6: =IF(G6=0,"pathogen 0",IF(G6<=5,"pathogen "&G6,"pathogen > 5")) -> pathogen 4
A7: YS-CTSZ-2 | B7: Actinopteri | C7: Aulopiformes | D7: Synodontidae | E7: Saurida elongata | F7: Sa. elongata | G7: =SUM(pathogen_presence!B7:BX7) -> 5 | H7: =IF(G7=0,"pathogen 0",IF(G7<=5,"pathogen "&G7,"pathogen > 5")) -> pathogen 5
A8: YS-CTSZ-3 | B8: Actinopteri | C8: Aulopiformes | D8: Synodontidae | E8: Saurida elongata | F8: Sa. elongata | G8: =SUM(pathogen_presence!B8:BX8) -> 3 | H8: =IF(G8=0,"pathogen 0",IF(G8<=5,"pathogen "&G8,"pathogen > 5")) -> pathogen 3
A9: YS-HBSZ-1 | B9: Actinopteri | C9: Aulopiformes | D9: Synodontidae | E9: Saurida undosquamis | F9: Sa. undosquamis | G9: =SUM(pathogen_presence!B9:BX9) -> 0 | H9: =IF(G9=0,"pathogen 0",IF(G9<=5,"pathogen "&G9,"pathogen > 5")) -> pathogen 0
A10: YS-HBSZ-2 | B10: Actinopteri | C10: Aulopiformes | D10: Synodontidae | E10: Saurida undosquamis | F10: Sa. undosquamis | G10: =SUM(pathogen_presence!B10:BX10) -> 5 | H10: =IF(G10=0,"pathogen 0",IF(G10<=5,"pathogen "&G10,"pathogen > 5")) -> pathogen 5
A11: YS-HBSZ-3 | B11: Actinopteri | C11: Aulopiformes | D11: Synodontidae | E11: Saurida undosquamis | F11: Sa. undosquamis | G11: =SUM(pathogen_presence!B11:BX11) -> 1 | H11: =IF(G11=0,"pathogen 0",IF(G11<=5,"pathogen "&G11,"pathogen > 5")) -> pathogen 1
A12: YS-LTY-1 | B12: Actinopteri | C12: Aulopiformes | D12: Synodontidae | E12: Harpadon nehereus | F12: Ha. nehereus | G12: =SUM(pathogen_presence!B12:BX12) -> 3 | H12: =IF(G12=0,"pathogen 0",IF(G12<=5,"pathogen "&G12,"pathogen > 5")) -> pathogen 3
A13: YS-LTY-2 | B13: Actinopteri | C13: Aulopiformes | D13: Synodontidae | E13: Harpadon nehereus | F13: Ha. nehereus | G13: =SUM(pathogen_presence!B13:BX13) -> 1 | H13: =IF(G13=0,"pathogen 0",IF(G13<=5,"pathogen "&G13,"pathogen > 5")) -> pathogen 1
... A113: YS-JZH-3 | B113: Chondrichthyes | C113: Myliobatiformes | D113: Dasyatidae | E113: Telatrygon zugei | F113: Te. zugei | G113: =SUM(pathogen_presence!B113:BX113) -> 0 | H113: =IF(G113=0,"pathogen 0",IF(G113<=5,"pathogen "&G113,"pathogen > 5")) -> pathogen 0

Sheet pie_summary
A1: category | B1: fish_count | C1: proportion | D1: percentage_label
A2: pathogen 0 | B2: =COUNTIF(individual_summary!$H$2:$H$113,A2) -> 40 | C2: =B2/112 -> 0.35714286 | D2: =TEXT(C2,"0.00%") -> 35.71%
A3: pathogen 1 | B3: =COUNTIF(individual_summary!$H$2:$H$113,A3) -> 39 | C3: =B3/112 -> 0.34821429 | D3: =TEXT(C3,"0.00%") -> 34.82%
A4: pathogen 2 | B4: =COUNTIF(individual_summary!$H$2:$H$113,A4) -> 13 | C4: =B4/112 -> 0.11607143 | D4: =TEXT(C4,"0.00%") -> 11.61%
A5: pathogen 3 | B5: =COUNTIF(individual_summary!$H$2:$H$113,A5) -> 8 | C5: =B5/112 -> 0.071428571 | D5: =TEXT(C5,"0.00%") -> 7.14%
A6: pathogen 4 | B6: =COUNTIF(individual_summary!$H$2:$H$113,A6) -> 5 | C6: =B6/112 -> 0.044642857 | D6: =TEXT(C6,"0.00%") -> 4.46%
A7: pathogen 5 | B7: =COUNTIF(individual_summary!$H$2:$H$113,A7) -> 5 | C7: =B7/112 -> 0.044642857 | D7: =TEXT(C7,"0.00%") -> 4.46%
A8: pathogen > 5 | B8: =COUNTIF(individual_summary!$H$2:$H$113,A8) -> 2 | C8: =B8/112 -> 0.017857143 | D8: =TEXT(C8,"0.00%") -> 1.79%

Sheet old_input_check
A1: category | B1: old_Sheet2 | C1: old_plotraw | D1: recalculated | E1: status
A2: pathogen 0 | B2: 40 | C2: 40 | D2: 40 | E2: matches Sheet2/reference
A3: pathogen 1 | B3: 39 | C3: 38 | D3: 39 | E3: matches Sheet2/reference
A4: pathogen 2 | B4: 13 | C4: 13 | D4: 13 | E4: matches Sheet2/reference
A5: pathogen 3 | B5: 8 | C5: 9 | D5: 8 | E5: matches Sheet2/reference
A6: pathogen 4 | B6: 5 | C6: 5 | D6: 5 | E6: matches Sheet2/reference
A7: pathogen 5 | B7: 5 | C7: 5 | D7: 5 | E7: matches Sheet2/reference
A8: pathogen > 5 | B8: 2 | C8: 1 | D8: 2 | E8: matches Sheet2/reference
