Workbook

Sheet all_75_range
A1: source_pathogen | B1: pathogen | C1: classification | D1: category_4way | E1: taxonomy | F1: taxa_display | G1: cross_range_code | H1: cross_range | I1: n_species | J1: n_genera | K1: n_families | L1: n_orders | M1: total_RPM | N1: positive_host_species
A2: Wenzhou pacific spadenose shark astrovirus 2 | B2: Wenzhou pacific spadenose shark astrovirus 2 | C2: RNA virus | D2: RNA | E2: Astro-Poty | F2: Astro-Poty | G2: 0 | H2: Within species | I2: 1 | J2: 1 | K2: 1 | L2: 1 | M2: 15.923922 | N2: Scoliodon macrorhynchos
A3: Nanhai astrovirus LZMB | B3: Nanhai astrovirus LZMB | C3: RNA virus | D3: RNA | E3: Astro-Poty | F3: Astro-Poty | G3: 0 | H3: Within species | I3: 1 | J3: 1 | K3: 1 | L3: 1 | M3: 46.856706 | N3: Polydactylus sextarius
A4: Cynoglossus gracilis hantavirus | B4: Cynoglossus gracilis hantavirus | C4: RNA virus | D4: RNA | E4: Bunya-Arena | F4: Bunya-Arena | G4: 0 | H4: Within species | I4: 1 | J4: 1 | K4: 1 | L4: 1 | M4: 9.1302944 | N4: Cynoglossus gracilis
A5: Telatrygon zugei hepacivirus | B5: Telatrygon zugei hepacivirus | C5: RNA virus | D5: RNA | E5: Flavi | F5: Flavi | G5: 0 | H5: Within species | I5: 1 | J5: 1 | K5: 1 | L5: 1 | M5: 8.6405097 | N5: Telatrygon zugei
A6: Odontamblyopus rubicundus hepacivirus | B6: Odontamblyopus rubicundus hepacivirus | C6: RNA virus | D6: RNA | E6: Flavi | F6: Flavi | G6: 0 | H6: Within species | I6: 1 | J6: 1 | K6: 1 | L6: 1 | M6: 764.0097 | N6: Odontamblyopus rubicundus
A7: Johnius belangerii hepacivirus | B7: Johnius belangerii hepacivirus | C7: RNA virus | D7: RNA | E7: Flavi | F7: Flavi | G7: 0 | H7: Within species | I7: 1 | J7: 1 | K7: 1 | L7: 1 | M7: 98.359797 | N7: Johnius belangerii
A8: Bombay duck fish bornavirus | B8: Bombay duck fish bornavirus | C8: RNA virus | D8: RNA | E8: Mono-Chu | F8: Mono-Chu | G8: 0 | H8: Within species | I8: 1 | J8: 1 | K8: 1 | L8: 1 | M8: 5575.9971 | N8: Harpadon nehereus
A9: Paramonacanthus sulcatus filovirus | B9: Paramonacanthus sulcatus filovirus | C9: RNA virus | D9: RNA | E9: Mono-Chu | F9: Mono-Chu | G9: 3 | H9: Cross family | I9: 2 | J9: 2 | K9: 2 | L9: 1 | M9: 16.974304 | N9: Paramonacanthus sulcatus; Lagocephalus spadiceus
A10: Nanhai filovirus 1 | B10: Nanhai filovirus 1 | C10: RNA virus | D10: RNA | E10: Mono-Chu | F10: Mono-Chu | G10: 0 | H10: Within species | I10: 1 | J10: 1 | K10: 1 | L10: 1 | M10: 5.1473197 | N10: Thryssa dussumieri
A11: Nanhai filovirus 2 | B11: Nanhai filovirus 2 | C11: RNA virus | D11: RNA | E11: Mono-Chu | F11: Mono-Chu | G11: 0 | H11: Within species | I11: 1 | J11: 1 | K11: 1 | L11: 1 | M11: 0.63457599 | N11: Ilisha elongata
A12: Nanhai filovirus 3 | B12: Nanhai filovirus 3 | C12: RNA virus | D12: RNA | E12: Mono-Chu | F12: Mono-Chu | G12: 0 | H12: Within species | I12: 1 | J12: 1 | K12: 1 | L12: 1 | M12: 1.7124382 | N12: Thryssa kammalensis
A13: Nanhai rhabdovirus 1 | B13: Nanhai rhabdovirus 1 | C13: RNA virus | D13: RNA | E13: Mono-Chu | F13: Mono-Chu | G13: 0 | H13: Within species | I13: 1 | J13: 1 | K13: 1 | L13: 1 | M13: 0.3545453 | N13: Polydactylus sextarius
... A76: Caligus sp. RWXLT | B76: Caligus sp. RWXLT | C76: Eukaryota | D76: EUKARYOTA | E76: Arthropoda | F76: Arthropoda | G76: 0 | H76: Within species | I76: 1 | J76: 1 | K76: 1 | L76: 1 | M76: 14.217602 | N76: Paramonacanthus sulcatus

Sheet FigureS6B_data
A1: source_pathogen | B1: pathogen | C1: classification | D1: category_4way | E1: taxonomy | F1: taxa_display | G1: cross_range_code | H1: cross_range | I1: n_species | J1: n_genera | K1: n_families | L1: n_orders | M1: total_RPM | N1: positive_host_species
A2: Paramonacanthus sulcatus filovirus | B2: Paramonacanthus sulcatus filovirus | C2: RNA virus | D2: RNA | E2: Mono-Chu | F2: Mono-Chu | G2: 3 | H2: Cross family | I2: 2 | J2: 2 | K2: 2 | L2: 1 | M2: 16.974304 | N2: Paramonacanthus sulcatus; Lagocephalus spadiceus
A3: Asian seabass Nervous Necrosis Virus | B3: Asian seabass Nervous Necrosis Virus | C3: RNA virus | D3: RNA | E3: Tombus-Noda | F3: Noda | G3: 4 | H3: Cross order | I3: 4 | J3: 4 | K3: 4 | L3: 3 | M3: 4.9597753 | N3: Saurida elongata; Setipinna tenuifilis; Sardinella lemuru; Lutjanus johnii
A4: Nanhai reo-like virus 5 | B4: Nanhai reo-like virus 5 | C4: RNA virus | D4: RNA | E4: Reo | F4: Reo | G4: 4 | H4: Cross order | I4: 3 | J4: 3 | K4: 3 | L4: 3 | M4: 94.62544 | N4: Saurida elongata; Paramonacanthus sulcatus; Lepturacanthus savala
A5: Nanhai reo-like virus 6 | B5: Nanhai reo-like virus 6 | C5: RNA virus | D5: RNA | E5: Reo | F5: Reo | G5: 4 | H5: Cross order | I5: 2 | J5: 2 | K5: 2 | L5: 2 | M5: 21.96276 | N5: Saurida elongata; Paramonacanthus sulcatus
A6: Clostridium sp. Y | B6: Clostridium sp. Y | C6: Bacteria | D6: BACTERIA | E6: Bacillota | F6: Bacillota | G6: 4 | H6: Cross order | I6: 2 | J6: 2 | K6: 2 | L6: 2 | M6: 5.3713652 | N6: Larimichthys crocea; Inegocia japonica
A7: Aliivibrio fischeri | B7: Aliivibrio fischeri | C7: Bacteria | D7: BACTERIA | E7: Pseudomonadota | F7: Pseudomonadota | G7: 4 | H7: Cross order | I7: 4 | J7: 4 | K7: 4 | L7: 3 | M7: 14.700034 | N7: Thryssa hamiltonii; Nemipterus japonicus; Paramonacanthus sulcatus; Lagocephalus spadiceus
A8: Photobacterium sp. | B8: Photobacterium sp. | C8: Bacteria | D8: BACTERIA | E8: Pseudomonadota | F8: Pseudomonadota | G8: 4 | H8: Cross order | I8: 6 | J8: 5 | K8: 5 | L8: 3 | M8: 23.196909 | N8: Thryssa kammalensis; Saurida undosquamis; Ilisha melastoma; Sardinella fijiensis; Sardinella melanura; Benthosema pterotum
A9: Photobacterium damselae | B9: Photobacterium damselae | C9: Bacteria | D9: BACTERIA | E9: Pseudomonadota | F9: Pseudomonadota | G9: 4 | H9: Cross order | I9: 3 | J9: 3 | K9: 3 | L9: 2 | M9: 21.020696 | N9: Paramonacanthus sulcatus; Inegocia japonica; Lagocephalus spadiceus
A10: Photobacterium damselae QLXSD | B10: Photobacterium sp. QLXSD | C10: Bacteria | D10: BACTERIA | E10: Pseudomonadota | F10: Pseudomonadota | G10: 4 | H10: Cross order | I10: 2 | J10: 2 | K10: 2 | L10: 2 | M10: 4.1368963 | N10: Saurida undosquamis; Ilisha melastoma
A11: Photobacterium swingsii | B11: Photobacterium swingsii | C11: Bacteria | D11: BACTERIA | E11: Pseudomonadota | F11: Pseudomonadota | G11: 4 | H11: Cross order | I11: 2 | J11: 2 | K11: 2 | L11: 2 | M11: 3.0067 | N11: Thryssa dussumieri; Paramonacanthus sulcatus
A12: Vibrio sp. Y | B12: Vibrio sp. Y | C12: Bacteria | D12: BACTERIA | E12: Pseudomonadota | F12: Pseudomonadota | G12: 4 | H12: Cross order | I12: 2 | J12: 2 | K12: 2 | L12: 2 | M12: 4.7277677 | N12: Thryssa hamiltonii; Paramonacanthus sulcatus
A13: Vibrio ponticus | B13: Vibrio ponticus | C13: Bacteria | D13: BACTERIA | E13: Pseudomonadota | F13: Pseudomonadota | G13: 4 | H13: Cross order | I13: 5 | J13: 5 | K13: 5 | L13: 4 | M13: 54.085247 | N13: Thryssa hamiltonii; Deveximentum ruconius; Paramonacanthus sulcatus; Arius arius; Lagocephalus spadiceus
... A19: Hydatigera sp. SDYY | B19: Hydatigera sp. SDYY | C19: Eukaryota | D19: EUKARYOTA | E19: Platyhelminthes | F19: Platyhelminthes | G19: 4 | H19: Cross order | I19: 2 | J19: 2 | K19: 2 | L19: 2 | M19: 7.7891192 | N19: Benthosema pterotum; Lepturacanthus savala

Sheet FigureS6C_counts
A1: cross_range | B1: cross_range_code | C1: RNA | D1: DNA | E1: BACTERIA | F1: EUKARYOTA | G1: Total
A2: Within species | B2: 0 | C2: =COUNTIFS(all_75_range!$H:$H,$A2,all_75_range!$D:$D,C$1) | D2: =COUNTIFS(all_75_range!$H:$H,$A2,all_75_range!$D:$D,D$1) | E2: =COUNTIFS(all_75_range!$H:$H,$A2,all_75_range!$D:$D,E$1) | F2: =COUNTIFS(all_75_range!$H:$H,$A2,all_75_range!$D:$D,F$1) | G2: =SUM(C2:F2)
A3: Cross species | B3: 1 | C3: =COUNTIFS(all_75_range!$H:$H,$A3,all_75_range!$D:$D,C$1) | D3: =COUNTIFS(all_75_range!$H:$H,$A3,all_75_range!$D:$D,D$1) | E3: =COUNTIFS(all_75_range!$H:$H,$A3,all_75_range!$D:$D,E$1) | F3: =COUNTIFS(all_75_range!$H:$H,$A3,all_75_range!$D:$D,F$1) | G3: =SUM(C3:F3)
A4: Cross genus | B4: 2 | C4: =COUNTIFS(all_75_range!$H:$H,$A4,all_75_range!$D:$D,C$1) | D4: =COUNTIFS(all_75_range!$H:$H,$A4,all_75_range!$D:$D,D$1) | E4: =COUNTIFS(all_75_range!$H:$H,$A4,all_75_range!$D:$D,E$1) | F4: =COUNTIFS(all_75_range!$H:$H,$A4,all_75_range!$D:$D,F$1) | G4: =SUM(C4:F4)
A5: Cross family | B5: 3 | C5: =COUNTIFS(all_75_range!$H:$H,$A5,all_75_range!$D:$D,C$1) | D5: =COUNTIFS(all_75_range!$H:$H,$A5,all_75_range!$D:$D,D$1) | E5: =COUNTIFS(all_75_range!$H:$H,$A5,all_75_range!$D:$D,E$1) | F5: =COUNTIFS(all_75_range!$H:$H,$A5,all_75_range!$D:$D,F$1) | G5: =SUM(C5:F5)
A6: Cross order | B6: 4 | C6: =COUNTIFS(all_75_range!$H:$H,$A6,all_75_range!$D:$D,C$1) | D6: =COUNTIFS(all_75_range!$H:$H,$A6,all_75_range!$D:$D,D$1) | E6: =COUNTIFS(all_75_range!$H:$H,$A6,all_75_range!$D:$D,E$1) | F6: =COUNTIFS(all_75_range!$H:$H,$A6,all_75_range!$D:$D,F$1) | G6: =SUM(C6:F6)
A7: Total | C7: =SUM(C2:C6) | D7: =SUM(D2:D6) | E7: =SUM(E2:E6) | F7: =SUM(F2:F6) | G7: =SUM(G2:G6)

Sheet FigureS6C_counts_checked
A1: cross_range | B1: RNA | C1: DNA | D1: BACTERIA | E1: EUKARYOTA | F1: Total
A2: Within species | B2: 30 | C2: 8 | D2: 2 | E2: 17 | F2: 57
A3: Cross species | B3: 0 | C3: 0 | D3: 0 | E3: 0 | F3: 0
A4: Cross genus | B4: 0 | C4: 0 | D4: 0 | E4: 0 | F4: 0
A5: Cross family | B5: 1 | C5: 0 | D5: 0 | E5: 0 | F5: 1
A6: Cross order | B6: 3 | C6: 0 | D6: 9 | E6: 5 | F6: 17
A7: Total | B7: 34 | C7: 8 | D7: 11 | E7: 22 | F7: 75

Sheet FigureS6B_changes
A1: old_name | B1: updated_name | C1: old_cross_range_code | D1: old_cross_range | E1: updated_cross_range_code | F1: updated_cross_range | G1: change | H1: reason
A2: Odontamblyopus rubicundus hepacivirus | B2: Odontamblyopus rubicundus hepacivirus | C2: 2 | D2: Cross genus | E2: 0 | F2: Within species | G2: updated | H2: Old hosts Ct. chinensis and Od. rubicundus; current Table S1 assigns the positive YS-LYXHY samples to Odontamblyopus rubicundus.
A3: Paramonacanthus sulcatus filovirus | B3: Paramonacanthus sulcatus filovirus | C3: 3 | D3: Cross family | E3: 3 | F3: Cross family | G3: unchanged | H3: Cross range is unchanged after recalculation from the 1027-library matrix.
A4: Gymnothorax reevesii picornavirus | B4: Gymnothorax reevesii picornavirus | C4: 1 | D4: Cross species | E4: 0 | F4: Within species | G4: updated | H4: Old hosts Gymnothorax pseudothyrsoideus and G. reevesii; current Table S1 assigns all positive YS-HM samples to Gymnothorax reevesii.
A5: Nanhai reo-like virus 5 | B5: Nanhai reo-like virus 5 | C5: 4 | D5: Cross order | E5: 4 | F5: Cross order | G5: unchanged | H5: Cross range is unchanged after recalculation from the 1027-library matrix.
A6: Nanhai reo-like virus 6 | B6: Nanhai reo-like virus 6 | C6: 4 | D6: Cross order | E6: 4 | F6: Cross order | G6: unchanged | H6: Cross range is unchanged after recalculation from the 1027-library matrix.
A7: Nanhai reo-like virus 7 | B7: Nanhai reo-like virus 7 | C7: 1 | D7: Cross species | E7: 0 | F7: Within species | G7: updated | H7: Old hosts Odontamblyopus sp. ZC-2015 and O. rubicundus; current Table S1 assigns all positive YS-LYXHY samples to Odontamblyopus rubicundus.
A8: Asian seabass Nervous Necrosis Virus | B8: Asian seabass Nervous Necrosis Virus | C8: 4 | D8: Cross order | E8: 4 | F8: Cross order | G8: unchanged | H8: Cross range is unchanged after recalculation from the 1027-library matrix.
A9: Clostridium sp. Y | B9: Clostridium sp. Y | C9: 4 | D9: Cross order | E9: 4 | F9: Cross order | G9: unchanged | H9: Cross range is unchanged after recalculation from the 1027-library matrix.
A10: Aliivibrio fischeri | B10: Aliivibrio fischeri | C10: 4 | D10: Cross order | E10: 4 | F10: Cross order | G10: unchanged | H10: Cross range is unchanged after recalculation from the 1027-library matrix.
A11: Photobacterium sp. | B11: Photobacterium sp. | C11: 4 | D11: Cross order | E11: 4 | F11: Cross order | G11: unchanged | H11: Cross range is unchanged after recalculation from the 1027-library matrix.
A12: Photobacterium damselae | B12: Photobacterium damselae | C12: 4 | D12: Cross order | E12: 4 | F12: Cross order | G12: unchanged | H12: Cross range is unchanged after recalculation from the 1027-library matrix.
A13: Photobacterium damselae QLXSD | B13: Photobacterium sp. QLXSD | C13: 4 | D13: Cross order | E13: 4 | F13: Cross order | G13: updated | H13: Canonical pathogen name updated to match Figure6A.
... A23: Hydatigera sp. SDYY | B23: Hydatigera sp. SDYY | C23: 4 | D23: Cross order | E23: 4 | F23: Cross order | G23: unchanged | H23: Cross range is unchanged after recalculation from the 1027-library matrix.

Sheet colors
A1: legend | B1: label | C1: colour
A2: FigureS6C category | B2: RNA | C2: #F2DCDB
A3: FigureS6C category | B3: DNA | C3: #B8CAE0
A4: FigureS6C category | B4: BACTERIA | C4: #C8B7D9
A5: FigureS6C category | B5: EUKARYOTA | C5: #CFE0B6
A6: FigureS6B taxa | B6: Mono-Chu | C6: #b9d7f4
A7: FigureS6B taxa | B7: Reo | C7: #f7aaa6
A8: FigureS6B taxa | B8: Noda | C8: #b8a8dc
A9: FigureS6B taxa | B9: Bacillota | C9: #9ed3e6
A10: FigureS6B taxa | B10: Pseudomonadota | C10: #39c1c7
A11: FigureS6B taxa | B11: Nematoda | C11: #ee5b8f
A12: FigureS6B taxa | B12: Platyhelminthes | C12: #b00076

Sheet README
A1: item | B1: value
A2: Purpose | B2: Updated FigureS6B and FigureS6C data prepared from the 75-pathogen, 1027-library matrix
A3: Abundance source | B3: E:\shilab\博士论文相关\水产感染组\analysis-all-step\06_20260812_code_check\github\data\Abundance_matrix_with_libs.xlsx
A4: Host annotation source | B4: E:\shilab\博士论文相关\水产感染组\analysis-all-step\Nat.microbiol\20260802\Supplement_Table1_Info_sample, related to figure1-revised.xlsx
A5: Pathogen annotation source | B5: E:\shilab\博士论文相关\水产感染组\analysis-all-step\06_20260812_code_check\github\script\figure6\figure6A\Figure6A_input.xlsx
A6: Library count | B6: 1027
A7: Pathogen count | B7: 75
A8: Table S1 host species count | B8: 51
A9: Positive host species represented | B9: 42
A10: FigureS6A comparison | B10: FigureS6A has 30 host columns; FigureS6B/C uses all 75 pathogens and all 1027 libraries
A11: Positive detection rule | B11: Sum RPM by current host species; RPM > 0 defines presence
A12: Range rule 0 | B12: Within species: one positive host species
A13: Range rule 1 | B13: Cross species: multiple species within one genus
A14: Range rule 2 | B14: Cross genus: multiple genera within one family
A15: Range rule 3 | B15: Cross family: multiple families within one order
A16: Range rule 4 | B16: Cross order: multiple host orders
A17: FigureS6B inclusion | B17: Only pathogens with cross_range_code > 0
A18: FigureS6C categories | B18: RNA, DNA, BACTERIA, EUKARYOTA
A19: FigureS6C stack order | B19: Bottom to top: RNA, DNA, BACTERIA, EUKARYOTA
A20: FigureS6B point size | B20: Updated circle radius: 15 px in raster/vector preview
A21: Checked count sheet | B21: FigureS6C_counts_checked contains the validated value-only counts; FigureS6C_counts contains Excel COUNTIFS formulas
... A23: Validation | B23: 75 unique pathogens; category and cross-range totals both equal 75
